symbol,price,volume,market_cap,whale_movements,exchange_flow,active_addresses,tx_count,hash_rate,tvl,nvt,mvrv,sentiment
0G,1.283,15313052.73,19646646.6526,63,634284691.13,0,0,120000000,0,1.283,1.283,0.4926
1INCH,0.1872,24671019.3,4618414.813,1795,22761334045.67,1401865610.972439,14968892,120000000,248092862,0.1872,0.1872,0.4926
2Z,0.1253,16271306.0,2039282.781,53,10638108424.0,0,0,120000000,0,0.1253,0.1253,0.4926
A,0.21,8099064.3,1700803.503,180,2463464688.0,0,0,120000000,0,0.21,0.21,0.4926
A2Z,0.0032,139751982.0,442874.031,117,107162298484.0,0,0,120000000,0,0.0032,0.0032,0.4926
AAVE,165.57,49973.417,8274098.6527,1866,376168498.8847,15182711.871711506,320343554,120000000,3023515350,165.57,165.57,0.4926
ACA,0.0134,30348996.57,406676.554,1399,56296083583.61,0,0,120000000,0,0.0134,0.0134,0.4926
ACE,0.227,7444136.7,1689819.0309,707,2276031163.3,0,0,120000000,0,0.227,0.227,0.4926
ACH,0.0094,78994940.0,741762.4866,1414,451039989755.0,0,0,120000000,0,0.0094,0.0094,0.4926
ACM,0.528,483044.9,255047.7072,1734,1215756394.335,0,0,120000000,0,0.528,0.528,0.4926
ACT,0.0208,150705152.2,3134667.1658,378,79602110080.6,0,0,120000000,0,0.0208,0.0208,0.4926
ACX,0.0604,2560144.2,154632.7097,353,5228576186.1,0,0,120000000,0,0.0604,0.0604,0.4926
ADA,0.4166,76638401.0,31927557.8566,2778,624909250261.45,0,0,120000000,0,0.4166,0.4166,0.4926
ADX,0.1124,1342194.0,150862.6056,1487,15080414065.0,0,0,120000000,0,0.1124,0.1124,0.4926
AERGO,0.0635,1380289.0,87648.3515,694,10214171973.0,472499995.7689212,53998177,120000000,31740071,0.0635,0.0635,0.4926
AEUR,1.1347,8717.8,9892.0877,719,859848961.5,0,0,120000000,0,1.1347,1.1347,0.4926
AEVO,0.0485,22921405.24,1111688.1541,621,18928716580.62,0,0,120000000,0,0.0485,0.0485,0.4926
AGLD,0.293,1036935.5,303822.1015,1511,6708354315.2,0,0,120000000,0,0.293,0.293,0.4926
AI,0.051,17821997.6,908921.8776,690,15985782458.1,999872843.863525,315216,120000000,159183,0.051,0.051,0.4926
AIXBT,0.0436,37043744.7,1615107.2689,318,34472234688.8,994658423.1010208,9217887,120000000,36765320,0.0436,0.0436,0.4926
ALCX,9.87,116626.5083,1151103.6369,1455,108303286.6677,0,0,120000000,0,9.87,9.87,0.4926
ALGO,0.1422,18288699.0,2600652.9978,2347,110874420958.185,0,0,120000000,0,0.1422,0.1422,0.4926
ALICE,0.241,68196622.62,16435386.0514,1715,7682018645.91,0,0,120000000,0,0.241,0.241,0.4926
ALLO,0.1558,53373840.3,8315644.3187,13,2350292430.0,1800000000.0,963603,120000000,5737268,0.1558,0.1558,0.4926
ALPACA,0.2244,23130359.7,5190452.7167,1361,21050489370.6,10922261.1246256,11832.37,120000000,20527,0.2244,0.2244,0.4926
ALPHA,0.0097,57626108.0,558973.2476,1729,57777045650.56,0,0,120000000,0,0.0097,0.0097,0.4926
ALPINE,0.602,935816.22,563361.3644,1372,2885976922.01,0,0,120000000,0,0.602,0.602,0.4926
ALT,0.0137,106445412.0,1457237.6903,669,90971862988.0,0,0,120000000,0,0.0137,0.0137,0.4926
AMB,0.0003,1265288960.0,404892.4672,725,362046624518.0,0,0,120000000,0,0.0003,0.0003,0.4926
AMP,0.0022,156281229.0,349601.1093,1462,1082080311133.0,0,0,120000000,0,0.0022,0.0022,0.4926
ANIME,0.007,793731766.7,5532310.4139,305,96058986307.0,5538604656.0,6980547,120000000,37174464,0.007,0.007,0.4926
ANKR,0.008,40188245.6,321907.8473,2316,517301854091.0,10000000000.0,4954756,120000000,74379399,0.008,0.008,0.4926
ANT,7.407,32974.0,244238.418,1287,1765204310.03,0,0,120000000,0,7.407,7.407,0.4926
APE,0.2845,3990680.51,1135348.6051,1348,16342940622.81,0,0,120000000,0,0.2845,0.2845,0.4926
API3,0.536,1106562.83,593117.6769,1403,4634288265.74,138705304.4453834,8978993,120000000,66256236,0.536,0.536,0.4926
APT,2.354,2643071.34,6221789.9344,1132,6494035797.0,0,0,120000000,0,2.354,2.354,0.4926
AR,3.81,856548.54,3263449.9374,1655,1494905668.42,0,0,120000000,0,3.81,3.81,0.4926
ARB,0.2031,37991909.9,7716156.9007,977,82918645844.5,0,0,120000000,0,0.2031,0.2031,0.4926
ARDR,0.059,7576517.0,447241.7985,2019,25484846223.0,0,0,120000000,0,0.059,0.059,0.4926
ARK,0.2735,6746135.0,1845067.9225,794,6730152353.0,192134698.0,911728,120000000,54643850,0.2735,0.2735,0.4926
ARKM,0.241,4374429.0,1054237.389,860,17148508345.8,0,0,120000000,0,0.241,0.241,0.4926
ARPA,0.0149,23587436.0,352396.2938,2210,247554894888.8,982174603.2857143,3576005,120000000,13661722,0.0149,0.0149,0.4926
ASR,1.366,235157.7,321225.4182,1790,1467864498.145,0,0,120000000,0,1.366,1.366,0.4926
AST,0.0261,4236683.0,110577.4263,680,9476076879.0,0,0,120000000,0,0.0261,0.0261,0.4926
ASTER,1.104,131349151.12,145009462.8365,49,10157164167.33,0,0,120000000,0,1.104,1.104,0.4926
ASTR,0.0128,39661776.3,506480.8834,1365,122996661437.9,0,0,120000000,0,0.0128,0.0128,0.4926
ATA,0.0218,32084685.0,699446.133,1631,41088193417.0,0,0,120000000,0,0.0218,0.0218,0.4926
ATM,0.901,293728.78,264649.6308,1790,1181099434.222,0,0,120000000,0,0.901,0.901,0.4926
ATOM,2.538,1358798.79,3448631.329,2401,6791303107.956,0,0,120000000,0,2.538,2.538,0.4926
AUCTION,5.48,91338.61,500535.5828,1487,687132945.01,7090333.892921738,9138821,120000000,38466445,5.48,5.48,0.4926
AUDIO,0.0341,16755718.5,571370.0008,1858,34976304154.76,0,0,120000000,0,0.0341,0.0341,0.4926
AUTO,95.3,4281.543,408031.0479,679,4411295.2232,0,0,120000000,0,95.3,95.3,0.4926
AVA,0.304,2592882.2,788236.1888,1826,3716310699.68,0,0,120000000,0,0.304,0.304,0.4926
AVAX,13.38,1477579.62,19770015.3156,1889,5509754209.813,0,0,120000000,0,13.38,13.38,0.4926
AVNT,0.3888,9828788.9,3821433.1243,70,6749964956.8,0,0,120000000,0,0.3888,0.3888,0.4926
AWE,0.0506,115115576.0,5823696.9898,187,6158804504.0,0,0,120000000,0,0.0506,0.0506,0.4926
AXL,0.1314,3892313.03,511449.9321,633,5572208408.96,0,0,120000000,0,0.1314,0.1314,0.4926
AXS,1.114,886710.52,987795.5193,1846,4710096503.15,0,0,120000000,0,1.114,1.114,0.4926
BABY,0.0204,41033780.0,838730.4632,228,25474957307.0,954566981182.3198,38.22,120000000,47289,0.0204,0.0204,0.4926
BADGER,0.762,133847.46,101991.7645,1507,1009517976.132,0,0,120000000,0,0.762,0.762,0.4926
BAKE,0.0519,51194747.3,2657007.3849,1602,55673640160.1,0,0,120000000,0,0.0519,0.0519,0.4926
BAL,0.967,103678.32,100256.9354,1710,536801952.129,0,0,120000000,0,0.967,0.967,0.4926
BANANA,7.28,265558.293,1933264.373,492,121223911.894,5125987.3948424375,4.29,120000000,394436,7.28,7.28,0.4926
BANANAS31,0.0034,2443422586.0,8415147.3862,242,300151029067.0,0,0,120000000,0,0.0034,0.0034,0.4926
BAND,0.383,1002727.0,384044.441,2259,4266678176.643,0,0,120000000,0,0.383,0.383,0.4926
BANK,0.0442,47121326.7,2082762.6401,11,2150341880.4,0,0,120000000,0,0.0442,0.0442,0.4926
BAR,0.57,398758.84,227292.5388,1678,971050582.558,0,0,120000000,0,0.57,0.57,0.4926
BARD,0.7145,767359.6,548278.4342,67,2114487462.3,0,0,120000000,0,0.7145,0.7145,0.4926
BAT,0.1925,19687271.0,3789799.6675,2457,39872604298.65,0,0,120000000,0,0.1925,0.1925,0.4926
BB,0.0716,10964947.2,785090.2195,560,24974791507.6,0,0,120000000,0,0.0716,0.0716,0.4926
BCH,545.4,50301.875,27434642.625,2188,283003793.71,0,0,120000000,0,545.4,545.4,0.4926
BEAM,0.0652,22088815.0,1440190.738,1224,6936048462.67,191744025.0,76818,120000000,6344037,0.0652,0.0652,0.4926
BEL,0.1584,3295728.6,522043.4102,1896,12132700145.64,0,0,120000000,0,0.1584,0.1584,0.4926
BERA,1.03,1444032.418,1487353.3905,291,1538175619.468,0,0,120000000,0,1.03,1.03,0.4926
BETA,0.0004,270706254.0,97454.2514,1287,60284693597.0,1000000000.0,483.82,120000000,83103,0.0004,0.0004,0.4926
BICO,0.0637,46841423.41,2983798.6712,1446,11688096387.05,0,0,120000000,0,0.0637,0.0637,0.4926
BIFI,114.8,1143.747,131302.1556,713,2633144.017,605572599.6647413,16060.85,120000000,511568,114.8,114.8,0.4926
BIGTIME,0.023,15827139.0,364340.7398,227,8074696471.0,0,0,120000000,0,0.023,0.023,0.4926
BIO,0.0613,27547451.9,1688658.8015,325,40880378882.8,0,0,120000000,0,0.0613,0.0613,0.4926
BLUR,0.0387,8511917.3,329070.7228,731,24718113375.0,2642963441.210045,7679340,120000000,89623885,0.0387,0.0387,0.4926
BLZ,0.0582,50060194.0,2913503.2908,1598,68302751645.5,0,0,120000000,0,0.0582,0.0582,0.4926
BMT,0.0292,13446902.1,392649.5413,251,15228838084.5,0,0,120000000,0,0.0292,0.0292,0.4926
BNB,850.39,129680.627,110279108.3945,2940,4466700581.459,0,0,120000000,0,850.39,850.39,0.4926
BNT,0.4359,157916.7,68835.8895,2118,5006418941.48,0,0,120000000,0,0.4359,0.4359,0.4926
BOME,0.0007,1303389596.0,903248.99,618,5021488273201.0,0,0,120000000,0,0.0007,0.0007,0.4926
BOND,2.152,1447110.17,3114181.0858,1114,1187309583.17,0,0,120000000,0,2.152,2.152,0.4926
BONK,0.0,665246365845.0,6047089.4655,710,2066683165435106.0,82757685978268.56,83624669,120000000,775034812,0.0,0.0,0.4926
BSW,0.0112,65448938.3,733028.109,1202,56410318649.5,0,0,120000000,0,0.0112,0.0112,0.4926
BTC,87280.59,13302.7777,1161074288.0405,2977,190570595.5577,0,0,120000000,0,87280.59,87280.59,0.4926
BTCST,5.35,86533.2,462952.62,682,323024359.493,0,0,120000000,0,5.35,5.35,0.4926
BTCUSDT,90057.86,15.9445,1435931.1511,20,80941.9213,0,0,120000000,0,90057.86,90057.86,0.4926
BTG,17.65,53537.48,944936.522,557,26635775.017,0,0,120000000,0,17.65,17.65,0.4926
BTS,0.0054,32395584.5,174936.1563,1401,114787937972.7,0,0,120000000,0,0.0054,0.0054,0.4926
BTT,0.0028,3702123193.0,10280796.107,1083,21449800417163.0,0,0,120000000,0,0.0028,0.0028,0.4926
BULL,1370.28,4847.1214,6641913.5805,24,438337.3709,0,0,120000000,0,1370.28,1370.28,0.4926
BURGER,0.0172,16672604.4,286768.7957,1429,9555711439.9,0,0,120000000,0,0.0172,0.0172,0.4926
BUSD,1.0003,2222384.0,2223050.7152,1548,736912602655.72,0,0,120000000,0,1.0003,1.0003,0.4926
C,0.0817,7118744.6,581601.4338,129,5363901474.0,0,0,120000000,0,0.0817,0.0817,0.4926
C98,0.0277,15377327.5,425951.9717,1585,40671464658.7,0,0,120000000,0,0.0277,0.0277,0.4926
CAKE,2.28,4120312.59,9394312.7052,1739,10407084392.721,0,0,120000000,0,2.28,2.28,0.4926
CATI,0.0615,2931815.4,180306.6471,430,13666702373.9,0,0,120000000,0,0.0615,0.0615,0.4926
CELO,0.1605,10299804.3,1653118.5902,1784,13798780211.9,589481382.0,8433371,120000000,89004978,0.1605,0.1605,0.4926
CELR,0.0045,37984265.4,171005.1628,2436,542187427489.9,0,0,120000000,0,0.0045,0.0045,0.4926
CETUS,0.0302,15666758.1,473136.0946,383,16938462657.1,0,0,120000000,0,0.0302,0.0302,0.4926
CFX,0.0811,23148018.0,1877304.2598,1701,146795340869.685,0,0,120000000,0,0.0811,0.0811,0.4926
CGPT,0.0394,9184266.8,361860.1119,318,10080452874.3,0,0,120000000,0,0.0394,0.0394,0.4926
CHESS,0.041,13446724.3,550777.8273,1494,18819090318.1,0,0,120000000,0,0.041,0.041,0.4926
CHR,0.0585,6175172.0,361247.562,2027,94046723510.1,0,0,120000000,0,0.0585,0.0585,0.4926
CHZ,0.0282,22780992.0,642423.9744,2271,465579814519.8,0,0,120000000,0,0.0282,0.0282,0.4926
CITY,0.586,497195.8,291356.7388,1475,872004229.83,0,0,120000000,0,0.586,0.586,0.4926
CKB,0.0025,247361826.0,627804.3144,1763,1333606631141.0,0,0,120000000,0,0.0025,0.0025,0.4926
CLV,0.0294,28255141.6,829853.5088,1307,54807305576.1,0,0,120000000,0,0.0294,0.0294,0.4926
COMBO,0.0276,15562596.8,429527.6717,666,3265539701.2,0,0,120000000,0,0.0276,0.0276,0.4926
COMP,28.87,12945.869,373747.238,1978,201806926.7441,0,0,120000000,0,28.87,28.87,0.4926
COOKIE,0.0499,11027127.9,550253.6822,318,10655027155.9,635511333.1146867,5903804,120000000,32050774,0.0499,0.0499,0.4926
COS,0.0015,204253245.6,312711.719,2305,703399750001.6,0,0,120000000,0,0.0015,0.0015,0.4926
COTI,0.0283,26842188.0,758828.6548,2098,124849604086.0,2534310735.67215,5997883,120000000,60426180,0.0283,0.0283,0.4926
COW,0.1673,3146484.9,526406.9238,383,8531715396.1,0,0,120000000,0,0.1673,0.1673,0.4926
CREAM,2.1,244215.696,512852.9616,573,95306275.57,0,0,120000000,0,2.1,2.1,0.4926
CRV,0.3892,13509929.6,5258064.6003,1927,62803290732.663,0,0,120000000,0,0.3892,0.3892,0.4926
CTK,0.251,1524674.6,382693.3246,1854,7115897390.36,0,0,120000000,0,0.251,0.251,0.4926
CTSI,0.0455,87470141.0,3979891.4155,2041,48331183235.0,0,0,120000000,0,0.0455,0.0455,0.4926
CTXC,0.0634,2302689.0,145990.4826,1973,32900623470.74,0,0,120000000,0,0.0634,0.0634,0.4926
CVC,0.047,9849977.0,462948.919,2128,44006230950.2,0,0,120000000,0,0.047,0.047,0.4926
CVP,0.0339,18520019.9,627828.6746,1058,5264716260.1,0,0,120000000,0,0.0339,0.0339,0.4926
CVX,1.697,174708.713,296480.686,1432,989274448.012,0,0,120000000,0,1.697,1.697,0.4926
CYBER,0.786,1138987.14,895243.892,832,1920944754.41,0,0,120000000,0,0.786,0.786,0.4926
D,0.0166,180897796.0,3001094.4356,319,14287836820.0,0,0,120000000,0,0.0166,0.0166,0.4926
DAI,1.0189,747400.22,761526.0842,21,36055985.94,4322275971.817828,36361151,120000000,4320311581,1.0189,1.0189,0.4926
DASH,59.88,402361.047,24093379.4944,2433,322980168.441,12513569.50815346,94616489,120000000,565147086,59.88,59.88,0.4926
DATA,0.0071,66516407.6,470271.0017,2057,103878641075.8,0,0,120000000,0,0.0071,0.0071,0.4926
DCR,25.37,162957.834,4134240.2486,1943,81278549.7408,0,0,120000000,0,25.37,25.37,0.4926
DEGO,0.598,1092335.65,653216.7187,1720,2755794814.705,0,0,120000000,0,0.598,0.598,0.4926
DENT,0.0003,730679541.0,247700.3644,2281,7431797339302.0,95654960452.73587,4118258,120000000,23418740,0.0003,0.0003,0.4926
DEXE,4.468,117739.74,526061.1583,1585,599560660.72,46673279.548809506,2109655,120000000,167422538,4.468,4.468,0.4926
DF,0.0149,12788791.0,190680.8738,1522,55423953323.0,0,0,120000000,0,0.0149,0.0149,0.4926
DGB,0.0068,71348740.6,486598.4109,1953,320904509253.8,0,0,120000000,0,0.0068,0.0068,0.4926
DIA,0.3564,572972.5,204207.399,1907,7279013361.566,0,0,120000000,0,0.3564,0.3564,0.4926
DNT,0.036,143600233.0,5169608.388,714,25212355652.9,0,0,120000000,0,0.036,0.036,0.4926
DODO,0.0237,7267463.2,172238.8778,1739,36689775365.28,1000000000.0,3524534,120000000,20473581,0.0237,0.0237,0.4926
DOGE,0.147,638751070.0,93877244.7579,2334,4219863692497.4,999314470.866776,129.66,120000000,74382,0.147,0.147,0.4926
DOGS,0.0,11426289978.0,510755.162,455,19287824801157.0,0,0,120000000,0,0.0,0.0,0.4926
DOLO,0.0464,9787354.3,454133.2395,89,8070306450.3,0,0,120000000,0,0.0464,0.0464,0.4926
DOT,2.322,3194071.1,7416633.0942,1924,16531727280.619,0,0,120000000,0,2.322,2.322,0.4926
DUSK,0.0597,13611798.0,812624.3406,2317,45306199501.09,0,0,120000000,0,0.0597,0.0597,0.4926
DYDX,0.2364,10572093.12,2499242.8136,1537,16423538692.3,41656973.19652899,12101285,120000000,8182245,0.2364,0.2364,0.4926
DYM,0.1189,209363381.8,24893306.096,657,5267782647.1,0,0,120000000,0,0.1189,0.1189,0.4926
EDEN,0.0795,10568076.8,840162.1056,55,7238897533.0,159339211.6649791,52.81,120000000,1624646,0.0795,0.0795,0.4926
EDU,0.1463,7897677.0,1155430.1451,941,13665072499.0,0,0,120000000,0,0.1463,0.1463,0.4926
EGLD,7.55,43947.16,331801.058,1908,513213491.6319,0,0,120000000,0,7.55,7.55,0.4926
EIGEN,0.557,8424672.66,4692542.6716,419,5745340755.73,0,0,120000000,0,0.557,0.557,0.4926
ELF,0.2272,1723425.7,391562.319,1317,10974310697.6,0,0,120000000,0,0.2272,0.2272,0.4926
ENA,0.2394,62562282.19,14977410.3563,601,108064997610.4,0,0,120000000,0,0.2394,0.2394,0.4926
ENJ,0.0333,8076506.7,269270.7334,2412,47466040404.46,0,0,120000000,0,0.0333,0.0333,0.4926
ENS,11.17,91884.2,1026346.514,1475,1408137334.47,0,0,120000000,0,11.17,11.17,0.4926
ENSO,0.786,2663459.37,2093479.0648,41,832872521.9,20590000.0,16202336,120000000,14156015,0.786,0.786,0.4926
EPIC,0.567,1218576.2,690932.7054,256,638366257.3,0,0,120000000,0,0.567,0.567,0.4926
EPS,0.1679,13665860.0,2294497.894,403,13874968414.888,0,0,120000000,0,0.1679,0.1679,0.4926
EPX,0.0,26841134578.0,520718.0108,827,6222970200870.0,0,0,120000000,0,0.0,0.0,0.4926
ERA,0.2671,15615702.4,4170954.111,130,5002333396.9,0,0,120000000,0,0.2671,0.2671,0.4926
ETC,13.73,319380.25,4385090.8325,2722,4784441942.68,0,0,120000000,0,13.73,13.73,0.4926
ETH,2828.73,307432.7144,869644142.2047,3021,1608445395.9974,0,0,120000000,0,2828.73,2828.73,0.4926
ETHFI,0.695,6928199.8,4815098.861,616,12530375293.0,0,0,120000000,0,0.695,0.695,0.4926
ETHUSDT,3065.67,457.8078,1403487.6382,99,2198912.0161,0,0,120000000,0,3065.67,3065.67,0.4926
EUL,3.821,352915.02,1348488.2914,42,132771186.68,0,0,120000000,0,3.821,3.821,0.4926
EURI,1.1491,913359.8,1049541.7462,453,1916889918.6,0,0,120000000,0,1.1491,1.1491,0.4926
F,0.009,310711704.0,2787083.9849,30,40232028907.0,0,0,120000000,0,0.009,0.009,0.4926
FARM,20.17,10786.04,217554.4268,1566,61328217.953,999819276.712523,21.58,120000000,22623,20.17,20.17,0.4926
FDUSD,0.9972,198125926.0,197571173.4072,852,458214302907.0,0,0,120000000,0,0.9972,0.9972,0.4926
FET,0.2905,43861641.2,12741806.7686,2461,124026656889.31,0,0,120000000,0,0.2905,0.2905,0.4926
FF,0.1262,18742616.0,2364755.8607,56,44346638340.5,0,0,120000000,0,0.1262,0.1262,0.7734
FIDA,0.0453,8803748.2,398809.7935,1516,31530418413.9,0,0,120000000,0,0.0453,0.0453,0.4926
FIL,1.639,5995130.39,9826018.7092,1866,12072525252.9657,0,0,120000000,0,1.639,1.639,0.4926
FIO,0.0099,99083761.0,983901.7467,1907,81313499983.52,0,0,120000000,0,0.0099,0.0099,0.4926
FIRO,0.3,469825.8,140947.74,1539,1177464840.479,0,0,120000000,0,0.3,0.3,0.4926
FIS,0.049,10122832.0,496018.768,1727,12729134834.947,0,0,120000000,0,0.049,0.049,0.4926
FLM,0.0167,18425439.0,307704.8313,1872,73825513875.14,0,0,120000000,0,0.0167,0.0167,0.4926
FLOKI,0.0,64295708532.0,2994251.1463,934,337647482909510.0,9657252718354.0,31409611,120000000,452710118,0.0,0.0,0.4926
FLOW,0.238,1721553.4,409729.7092,1578,9778960058.17,1628083999.54686,6932460,120000000,320769545,0.238,0.238,0.4926
FLUX,0.1167,4157110.09,485134.7475,1445,7278781249.14,4939591.060276872,1.65,120000000,126599,0.1167,0.1167,0.4926
FOR,0.0031,137019355.0,419279.2263,1103,98557165072.0,0,0,120000000,0,0.0031,0.0031,0.4926
FORM,0.3796,8699923.0,3302490.7708,250,2896981729.2,0,0,120000000,0,0.3796,0.3796,0.4926
FORTH,1.799,54136.75,97392.0133,1676,858426977.795,0,0,120000000,0,1.799,1.799,0.4926
FRONT,0.88,825187.7,726165.176,1059,10345608273.4,0,0,120000000,0,0.88,0.88,0.4926
FTT,0.615,594837.76,365825.2224,1856,6244744563.171,0,0,120000000,0,0.615,0.615,0.4926
FUN,0.0019,218195201.0,417189.2243,2281,757993777154.0,991288979.054517,306806,120000000,565144,0.0019,0.0019,0.8034
G,0.0052,20080645.0,104820.9669,493,50294681584.0,0,0,120000000,0,0.0052,0.0052,0.4926
GAL,2.542,332243.971,844564.1743,803,3008295769.353,0,0,120000000,0,2.542,2.542,0.4926
GALA,0.0076,346301766.0,2618041.351,1533,1529744521287.0,46828206593.17435,30046177,120000000,335650186,0.0076,0.0076,0.4926
GAS,2.136,66886.2,142868.9232,983,1137267617.6,65093580.54427269,5127314,120000000,135197739,2.136,2.136,0.4926
GFT,0.002,1906210941.0,3736173.4444,439,123951668544.0,0,0,120000000,0,0.002,0.002,0.4926
GHST,0.258,1054823.2,272144.3856,1557,2377179192.0,0,0,120000000,0,0.258,0.258,0.4926
GIGGLE,107.21,328467.014,35214948.5709,30,27744983.229,0,0,120000000,0,107.21,107.21,0.7734
GLM,0.1974,2382679.3,470340.8938,983,9744914230.1,0,0,120000000,0,0.1974,0.1974,0.4926
GLMR,0.0281,9907863.4,278410.9615,1413,17791708329.8,0,0,120000000,0,0.0281,0.0281,0.4926
GMT,0.0191,19662968.7,375169.4428,1356,138137138642.6,0,0,120000000,0,0.0191,0.0191,0.4926
GMX,8.5,46821.942,397986.507,1146,174599733.602,10358228.97226057,6032559,120000000,88436166,8.5,8.5,0.4926
GNO,129.44,1250.638,161882.5827,1213,5067837.842,0,0,120000000,0,129.44,129.44,0.4926
GNS,1.4,64029.83,89641.762,1011,428799586.52,0,0,120000000,0,1.4,1.4,0.4926
GPS,0.0066,605154168.9,4000069.0564,265,55093571601.3,0,0,120000000,0,0.0066,0.0066,0.4926
GRT,0.0502,20817562.0,1044208.9099,1803,146974618179.17,0,0,120000000,0,0.0502,0.0502,0.4926
GTC,0.157,724984.6,113822.5822,1628,3987254162.16,0,0,120000000,0,0.157,0.157,0.4926
GUN,0.0126,17755828.0,224078.5494,238,47498879204.0,0,0,120000000,0,0.0126,0.0126,-0.1343
HAEDAL,0.0599,3883147.2,232600.5173,187,5945412348.3,195000000.0,4899430,120000000,9090354,0.0599,0.0599,0.4926
HARD,0.0095,11643042.0,110608.899,1623,20458012980.66,0,0,120000000,0,0.0095,0.0095,0.2638
HBAR,0.1458,187569257.0,27349473.3632,2248,373993791162.5,0,0,120000000,0,0.1458,0.1458,0.4926
HEI,0.2113,2097713.5,443246.8625,284,2430154239.3,0,0,120000000,0,0.2113,0.2113,0.4926
HEMI,0.0194,86679773.9,1681587.6137,62,21378286979.5,977500000.0,5951100,120000000,14458271,0.0194,0.0194,0.4926
HFT,0.0385,79314336.9,3053601.9707,1113,25755742408.5,0,0,120000000,0,0.0385,0.0385,0.4926
HIFI,0.127,17826477.1,2263962.5917,980,14844207328.6,0,0,120000000,0,0.127,0.127,0.4926
HIGH,0.247,39596818.77,9780414.2362,1438,5359193860.334,0,0,120000000,0,0.247,0.247,0.4926
HIVE,0.1034,3883421.0,401545.7314,2037,16296451822.39,504915719.365,997901,120000000,51604703,0.1034,0.1034,0.4926
HMSTR,0.0003,1176018850.0,298708.7879,424,1502225310751.0,0,0,120000000,0,0.0003,0.0003,0.4926
HNT,4.67,77258.1,360795.327,751,680539824.124,0,0,120000000,0,4.67,4.67,0.4926
HOLO,0.0963,33545919.2,3230472.019,74,6322967942.1,997887720.482454,53.63,120000000,17346.51,0.0963,0.0963,0.4926
HOME,0.022,28194856.0,621132.6777,165,21479327599.0,3178055555.57,11052440,120000000,71633003,0.022,0.022,0.4926
HOOK,0.0478,21951331.6,1049273.6505,1089,13558591300.8,0,0,120000000,0,0.0478,0.0478,0.4926
HOT,0.0006,1484113931.0,834072.0292,2471,6984055360667.0,0,0,120000000,0,0.0006,0.0006,0.4926
HUMA,0.0256,105489467.0,2699475.4605,182,51019121304.0,0,0,120000000,0,0.0256,0.0256,0.4926
HYPER,0.1361,8385709.7,1141295.0902,216,7137967037.0,0,0,120000000,0,0.1361,0.1361,0.4926
ICP,4.094,4362196.67,17858833.167,1658,4503340174.19,0,0,120000000,0,4.094,4.094,0.4926
ICX,0.0666,13100405.2,872486.9863,2721,28183334899.55,0,0,120000000,0,0.0666,0.0666,0.4926
ID,0.0792,4591749.0,363666.5208,978,27033418355.0,0,0,120000000,0,0.0792,0.0792,0.4926
IDEX,0.0132,39322412.6,517482.9498,1537,92305224736.6,0,0,120000000,0,0.0132,0.0132,0.4926
ILV,7.28,197393.557,1437025.095,1522,103287719.44,0,0,120000000,0,7.28,7.28,0.4926
IMX,0.313,2859281.16,894955.0031,1414,11069026389.33,0,0,120000000,0,0.313,0.313,0.4926
INIT,0.1074,17799741.3,1911692.2156,214,6034835383.0,0,0,120000000,0,0.1074,0.1074,0.4926
INJ,5.49,556445.56,3054886.1244,1860,3741734553.874,0,0,120000000,0,5.49,5.49,0.4926
IO,0.231,4453127.13,1028672.367,531,6501497675.18,253041465.6273963,24362047,120000000,44109914,0.231,0.231,0.4926
IOST,0.0017,130560116.0,224302.2793,2439,1402195864205.0,0,0,120000000,0,0.0017,0.0017,0.4926
IOTA,0.1167,7448028.0,869184.8676,2734,55653727334.55,4188791980.0,6885294,120000000,422935094,0.1167,0.1167,0.4926
IOTX,0.0095,136948255.0,1302377.905,2202,419733856593.0,0,0,120000000,0,0.0095,0.0095,0.4926
IQ,0.0018,291338410.0,527031.1837,794,314610395984.0,0,0,120000000,0,0.0018,0.0018,0.4926
IRIS,0.0052,118652016.0,618177.0034,1583,104278062754.0,0,0,120000000,0,0.0052,0.0052,0.4926
JASMY,0.0074,162309492.5,1196220.9597,1463,2307428709921.8,0,0,120000000,0,0.0074,0.0074,0.4926
JOE,0.075,2911903.9,218392.7925,1427,12535247406.55,402434291.8907347,2806863,120000000,28470910,0.075,0.075,0.4926
JST,0.0376,22323269.3,840024.6238,1931,267370239025.1,0,0,120000000,0,0.0376,0.0376,0.4926
JTO,0.469,2760839.0,1294833.491,718,6087519760.4,0,0,120000000,0,0.469,0.469,0.4926
JUP,0.2378,9132993.8,2171825.9256,663,25418359891.8,0,0,120000000,0,0.2378,0.2378,0.4926
JUV,0.677,929218.65,629081.0261,1799,1466919662.011,0,0,120000000,0,0.677,0.677,0.4926
KAIA,0.0802,12371666.7,992207.6693,389,18669068074.5,5856641747.106198,8009896,120000000,439833353,0.0802,0.0802,0.4926
KAITO,0.6776,3812536.8,2583374.9357,277,4304624842.5,241388889.0,9764976,120000000,147197089,0.6776,0.6776,0.4926
KAVA,0.1165,3204778.9,373356.7418,2222,16600623005.78,1082847663.0,3966554,120000000,102884032,0.1165,0.1165,0.4926
KDA,0.006,78220060.69,469320.3641,1343,11717477457.13,0,0,120000000,0,0.006,0.006,0.4926
KEEP,0.6251,5445440.0,3403944.544,245,8342718541.0,0,0,120000000,0,0.6251,0.6251,0.4926
KERNEL,0.0887,18561093.6,1646369.0023,224,13292170069.6,0,0,120000000,0,0.0887,0.0887,0.4926
KEY,0.0013,388130565.0,486327.5979,1906,1245353456908.0,0,0,120000000,0,0.0013,0.0013,0.4926
KITE,0.1011,91274394.9,9227841.3244,21,18522761384.4,849879.0,339.62,120000000,795397,0.1011,0.1011,0.4926
KMD,0.0163,8432348.0,137447.2724,1789,7890106319.69,0,0,120000000,0,0.0163,0.0163,0.4926
KMNO,0.0515,34068024.0,1754843.9162,202,11085223537.0,0,0,120000000,0,0.0515,0.0515,0.4926
KNC,0.2736,727317.6,198994.0954,1991,9164333050.824,0,0,120000000,0,0.2736,0.2736,0.4926
KP3R,16.48,7935.72,130780.6656,1091,31625265.52,0,0,120000000,0,16.48,16.48,0.4926
KSM,8.64,39685.601,342883.5926,1907,239441484.1199,0,0,120000000,0,8.64,8.64,0.4926
LA,0.3824,4264217.6,1630636.8102,138,3067801916.5,0,0,120000000,0,0.3824,0.3824,0.4926
LAYER,0.2407,49513731.28,11917955.1191,286,4518023589.7,0,0,120000000,0,0.2407,0.2407,0.4926
LAZIO,0.996,377640.88,376130.3165,1495,1969108590.98,0,0,120000000,0,0.996,0.996,0.4926
LDO,0.6301,6486152.15,4086924.4697,1295,16897687733.15,0,0,120000000,0,0.6301,0.6301,0.4926
LEVER,0.0002,1966072655.0,344062.7146,1088,3742159630254.0,34999246619.0928,281714,120000000,686540,0.0002,0.0002,0.4926
LINA,0.0003,506367904.0,170645.9836,1472,1025970432245.97,0,0,120000000,0,0.0003,0.0003,0.4926
LINEA,0.0103,676361503.0,7000341.556,75,196536699277.0,16701086045.26,31165378,120000000,129429424,0.0103,0.0103,0.4926
LINK,12.65,3495632.83,44219755.2995,2504,16110779388.824,0,0,120000000,0,12.65,12.65,0.4926
LISTA,0.1925,2689603.9,517748.7508,522,12298449533.1,255189111.9531124,8322884,120000000,42295466,0.1925,0.1925,0.4926
LOOM,0.0483,3806345.0,183884.5269,522,39620764539.0,0,0,120000000,0,0.0483,0.0483,0.1429
LPT,4.061,197309.88,801275.4227,1641,1038667293.24,0,0,120000000,0,4.061,4.061,0.4926
LQTY,0.432,430046.6,185780.1312,1000,4887524252.0,0,0,120000000,0,0.432,0.432,0.4926
LRC,0.0542,7092696.0,384424.1232,1991,55975886780.2,0,0,120000000,0,0.0542,0.0542,0.4926
LSK,0.192,19015505.3,3650977.0176,2118,3625128275.72,0,0,120000000,0,0.192,0.192,0.4926
LTC,83.8,296970.177,24886100.8326,2903,1916437030.1804,0,0,120000000,0,83.8,83.8,0.4926
LUMIA,0.134,3240572.0,434236.648,402,3526370396.35,75306824.97,1780348,120000000,8641332,0.134,0.134,0.4926
LUNA,0.073,43737081.58,3192806.9553,1904,449833242200.905,0,0,120000000,0,0.073,0.073,0.4926
LUNC,0.0,36697345495.59,998167.7975,1172,164744735999910.62,0,0,120000000,0,0.0,0.0,0.4926
MAGIC,0.1057,14275697.8,1508941.2575,1078,21512640316.6,317303042.2650915,33200309,120000000,35781788,0.1057,0.1057,0.4926
MANA,0.1662,6155406.0,1023028.4772,1936,60408599728.84,0,0,120000000,0,0.1662,0.1662,0.4926
MANTA,0.1166,36548008.9,4261497.8377,676,12728100455.1,0,0,120000000,0,0.1166,0.1166,0.4926
MASK,0.686,487037.5,334107.725,1644,6582410098.09,0,0,120000000,0,0.686,0.686,0.4926
MAV,0.031,688134708.0,21304650.5597,880,35204228940.0,0,0,120000000,0,0.031,0.031,0.4926
MBL,0.0012,1429488201.0,1698231.9828,2103,1498536325378.0,0,0,120000000,0,0.0012,0.0012,0.4926
MBOX,0.0372,57217775.8,2128501.2598,1558,27323551634.1,0,0,120000000,0,0.0372,0.0372,0.4926
MDT,0.0134,31645536.5,424683.0998,1998,164178303183.1,0,0,120000000,0,0.0134,0.0134,0.4926
MDX,0.0345,41269612.4,1423801.6278,1156,29483797528.89,0,0,120000000,0,0.0345,0.0345,0.4926
ME,0.368,1855387.63,682782.6478,349,1818377761.36,0,0,120000000,0,0.368,0.368,0.4926
MEME,0.0013,421124725.0,544935.3941,752,1762812065881.0,0,0,120000000,0,0.0013,0.0013,0.4926
MET,0.2877,49020170.0,14103102.909,11,922772526.2,0,0,120000000,0,0.2877,0.2877,0.4926
METIS,7.25,42340.809,306970.8653,623,77557851.808,0,0,120000000,0,7.25,7.25,0.4926
MINA,0.1075,17819276.7,1915572.2452,1567,21067015808.3,0,0,120000000,0,0.1075,0.1075,0.4926
MIR,0.1417,3857439.9,546522.085,618,6551226423.606,0,0,120000000,0,0.1417,0.1417,0.4926
MIRA,0.1713,7073535.1,1211696.5626,59,7991382136.3,0,0,120000000,0,0.1713,0.1713,0.4926
MITH,0.0034,177837146.9,613538.1568,1344,167065815622.9,0,0,120000000,0,0.0034,0.0034,0.4926
MITO,0.085,11496053.9,976819.6999,87,6330715405.7,77386085.38493334,82.47,120000000,18313041,0.085,0.085,0.4926
MLN,5.18,74195.815,384334.3217,1603,158519969.439,0,0,120000000,0,5.18,5.18,0.4926
MMT,0.3328,76444864.6,25440850.9389,20,4157910516.9,0,0,120000000,0,0.3328,0.3328,0.4926
MOB,0.0623,14620321.39,910846.0226,706,4714715959.03,0,0,120000000,0,0.0623,0.0623,0.4926
MORPHO,1.508,426591.24,643299.5899,52,1001782657.47,539988828.7885461,15039472,120000000,612909908,1.508,1.508,0.4926
MOVE,0.0508,52776677.0,2681055.1916,350,18181159013.8,0,0,120000000,0,0.0508,0.0508,0.4926
MOVR,3.085,282220.104,870649.0208,1477,469050681.344,0,0,120000000,0,3.085,3.085,0.4926
MTL,0.401,848733.1,340341.9731,2285,6706065161.74,0,0,120000000,0,0.401,0.401,0.4926
MUBARAK,0.0167,127304636.7,2128533.5256,242,76270724725.0,1000000000.0,6517460,120000000,16676772,0.0167,0.0167,0.4926
MULTI,0.834,831726.309,693659.7417,686,733492664.96,0,0,120000000,0,0.834,0.834,0.4926
NBS,0.0017,573961989.2,952776.9021,764,184545167797.8,0,0,120000000,0,0.0017,0.0017,0.4926
NBT,0.0025,468273.0,1180.048,547,1644004214.0,0,0,120000000,0,0.0025,0.0025,0.4926
NEAR,1.858,9505785.3,17661749.0874,1867,24028216219.26,1282393812.0,137004862,120000000,2126507775,1.858,1.858,0.4926
NEIRO,0.0001,22897232592.0,2741256.6859,434,44459457984285.0,999893450.361025,383251,120000000,284207,0.0001,0.0001,0.4926
NEO,4.195,351125.36,1472970.8852,2926,2146445898.342,70530000.0,10956814,120000000,287777638,4.195,4.195,0.4926
NEWT,0.1152,2836043.5,326712.2112,153,5051339230.8,21000000.0,8.55,120000000,25722,0.1152,0.1152,0.4926
NEXO,0.926,736460.01,681961.9693,1305,1815410451.93,1000000000.0,7063867,120000000,988983367,0.926,0.926,0.4926
NFP,0.0311,16133871.0,501763.3881,698,15725060687.0,0,0,120000000,0,0.0311,0.0311,0.4926
NIL,0.0933,35893975.9,3348907.9515,245,4415978102.7,0,0,120000000,0,0.0933,0.0933,0.4926
NKN,0.0139,14010567.0,194746.8813,2236,65246373199.8,795225827.7384043,1026220,120000000,10349363,0.0139,0.0139,0.4926
NMR,11.23,128715.77,1445478.0971,1923,315244796.54,0,0,120000000,0,11.23,11.23,0.4926
NOM,0.0119,138853974.0,1652362.2906,54,10857036653.0,0,0,120000000,0,0.0119,0.0119,0.4926
NOT,0.0006,843408282.0,476525.6793,557,3250931813036.0,0,0,120000000,0,0.0006,0.0006,0.4926
NTRN,0.0374,143313943.8,5359941.4981,776,9902138547.3,0,0,120000000,0,0.0374,0.0374,0.4926
NULS,0.0258,2419134.0,62413.6572,2460,13052533996.02,114241392.5822114,84.88,120000000,484839,0.0258,0.0258,0.4926
NXPC,0.481,11689162.6,5622487.2106,193,1566523235.0,0,0,120000000,0,0.481,0.481,0.4926
OAX,0.0358,6144089.0,219958.3862,628,10315383637.0,0,0,120000000,0,0.0358,0.0358,0.4926
OG,13.677,52736.7,721279.8459,1790,1747665006.097,0,0,120000000,0,13.677,13.677,0.4926
OGN,0.0361,3130831.0,113022.9991,2146,63971599319.22,0,0,120000000,0,0.0361,0.0361,0.4926
OM,0.0736,14614276.6,1075610.7578,1722,61486829828.71,0,0,120000000,0,0.0736,0.0736,0.4926
OMG,0.383,1448729.9,554863.5517,1903,7834889158.19,0,0,120000000,0,0.383,0.383,0.4926
ONDO,0.4784,8899354.0,4257450.9536,227,5317137471.4,0,0,120000000,0,0.4784,0.4784,0.4926
ONE,0.0042,141321165.4,589309.2597,2368,723943616006.0,0,0,120000000,0,0.0042,0.0042,0.4926
ONG,0.0954,8388073.0,800222.1642,2473,12888377253.92,432702173.3708448,2814697,120000000,38437601,0.0954,0.0954,0.4926
ONT,0.0725,3094063.0,224319.5675,2726,43055141154.404,0,0,120000000,0,0.0725,0.0725,0.4926
OP,0.3073,10777237.03,3311844.9393,1272,35232793794.41,0,0,120000000,0,0.3073,0.3073,0.4926
OPEN,0.2317,4173911.8,967095.3641,77,5399995814.6,0,0,120000000,0,0.2317,0.2317,0.4926
ORCA,1.092,163094.58,178099.2814,353,724883995.88,60157188.832375,6468842,120000000,68525833,1.092,1.092,0.4926
ORDI,3.921,450769.36,1767466.6606,748,1338081225.31,0,0,120000000,0,3.921,3.921,0.4926
OSMO,0.0827,1837211.15,151937.3621,1123,4451425194.62,0,0,120000000,0,0.0827,0.0827,0.4926
OXT,0.0291,3865044.0,112472.7804,1890,40022894624.94,0,0,120000000,0,0.0291,0.0291,0.4926
PARTI,0.0813,121974585.9,9916533.8337,244,8776844989.7,0,0,120000000,0,0.0813,0.0813,0.4926
PAXG,4045.31,3472.1528,14045934.4434,1226,4631224.7096,0,0,120000000,0,4045.31,4045.31,0.4926
PDA,0.0098,40299406.9,393725.2054,428,32352543076.7,0,0,120000000,0,0.0098,0.0098,0.4926
PENDLE,2.229,1419215.0,3163430.235,875,5031952077.4,164192080.2734184,22654935,120000000,359355922,2.229,2.229,0.4926
PENGU,0.0106,925168246.0,9773477.3507,342,1079215060401.0,0,0,120000000,0,0.0106,0.0106,0.4926
PEOPLE,0.0096,74043342.5,711556.5214,1432,862781429986.6,0,0,120000000,0,0.0096,0.0096,0.4926
PEPE,0.0,5570081643926.0,23394342.9045,934,2.767798590471495e+16,420690000000000.0,316612225,120000000,1856425379,0.0,0.0,0.4926
PERL,0.0046,119638224.5,550335.8327,1565,108110552332.52,0,0,120000000,0,0.0046,0.0046,0.4926
PERP,0.125,960465.13,120058.1413,1700,7304386137.105,0,0,120000000,0,0.125,0.125,0.4926
PHA,0.046,9699536.0,446178.656,1613,35540512109.0,818735394.5590799,6872623,120000000,33886306,0.046,0.046,0.4926
PHB,0.322,4378927.3,1410014.5906,1102,5488786651.4,0,0,120000000,0,0.322,0.322,0.4926
PIVX,0.2197,5718065.0,1256258.8805,739,4237348181.0,98959047.07221752,2005243,120000000,14990272,0.2197,0.2197,0.4926
PIXEL,0.0134,184604486.8,2468161.9885,644,59714426541.7,0,0,120000000,0,0.0134,0.0134,0.4926
PLUME,0.0243,53577550.0,1303541.7915,98,21800879580.0,3135813492.0,10776390,120000000,59025663,0.0243,0.0243,0.4926
PNT,0.035,19240631.0,673422.085,1382,11494954344.66,0,0,120000000,0,0.035,0.035,0.4926
PNUT,0.0826,19486775.3,1609607.6398,378,73397911615.3,100000000.0,12.68,120000000,28284,0.0826,0.0826,0.4926
POL,0.1362,30559579.8,4162214.7688,437,27099097816.6,0,0,120000000,0,0.1362,0.1362,0.4926
POLS,0.3079,219939.0,67719.2181,1161,2692341368.16,0,0,120000000,0,0.3079,0.3079,0.4926
POLYX,0.0645,8685861.4,560238.0603,1134,27729767348.4,0,0,120000000,0,0.0645,0.0645,0.4926
POND,0.0049,22408427.0,109353.1238,1721,291414093852.22,0,0,120000000,0,0.0049,0.0049,0.4926
PORTAL,0.0188,31141795.6,585465.7573,634,24111910060.9,0,0,120000000,0,0.0188,0.0188,0.4926
PORTO,1.018,135915.15,138361.6227,1469,1565563953.87,0,0,120000000,0,1.018,1.018,0.4926
POWR,0.0897,658606.0,59076.9582,1468,17645898943.0,0,0,120000000,0,0.0897,0.0897,0.4926
PROM,9.257,65316.72,604636.877,983,284541702.55,0,0,120000000,0,9.257,9.257,0.4926
PROS,0.0372,12584692.0,468150.5424,811,5316677645.0,0,0,120000000,0,0.0372,0.0372,0.4926
PROVE,0.469,2452131.1,1150049.4859,111,2581495859.0,0,0,120000000,0,0.469,0.469,0.4926
PSG,0.875,268945.64,235327.435,1799,956348924.717,0,0,120000000,0,0.875,0.875,0.4926
PUMP,0.0026,10587793876.0,27072988.9409,74,1465947186644.0,0,0,120000000,0,0.0026,0.0026,0.4926
PUNDIX,0.2453,1396226.5,342494.3604,1690,6961950638.833,0,0,120000000,0,0.2453,0.2453,0.4926
PYR,0.611,7833612.186,4786337.0456,1459,1714189805.205,0,0,120000000,0,0.611,0.611,0.4926
PYTH,0.0742,13529976.1,1003924.2266,661,31762761051.4,0,0,120000000,0,0.0742,0.0742,0.4926
QI,0.0038,35661485.0,136583.4875,1470,258337100147.0,0,0,120000000,0,0.0038,0.0038,0.4926
QKC,0.0043,38987662.0,168348.7245,983,128142239170.0,0,0,120000000,0,0.0043,0.0043,0.4926
QNT,78.45,25612.18,2009275.521,1579,83569706.738,0,0,120000000,0,78.45,78.45,0.4926
QTUM,1.565,185994.2,291080.923,2807,4602193766.366,105921648.0,61087345,120000000,163998789,1.565,1.565,0.4926
QUICK,0.0144,6977515.0,100406.4408,1561,38110498731.639,707855.6074960055,4472.79,120000000,8838446,0.0144,0.0144,0.4926
RAD,0.336,755597.0,253880.592,1509,3650638191.7,0,0,120000000,0,0.336,0.336,0.4926
RAMP,0.0524,15637030.0,819380.372,470,14540404169.9,410961782.0,875.93,120000000,12186621,0.0524,0.0524,0.4926
RARE,0.0257,76584008.9,1968209.0287,1505,60812430208.8,0,0,120000000,0,0.0257,0.0257,0.4926
RAY,1.055,3732161.6,3937430.488,1567,10668711963.6,0,0,120000000,0,1.055,1.055,0.4926
RDNT,0.0118,31939848.0,375612.6125,970,61807463957.0,0,0,120000000,0,0.0118,0.0118,0.4926
RED,0.2612,3236195.6,845294.2907,269,3051354496.0,0,0,120000000,0,0.2612,0.2612,0.4926
REEF,0.0007,1671056134.0,1149686.6202,1337,2023953024243.0,44512683848.46826,347504,120000000,7490119,0.0007,0.0007,0.4926
REI,0.0092,21379367.6,195621.2135,1300,88119753843.9,0,0,120000000,0,0.0092,0.0092,0.4926
REN,0.0427,8442680.0,360840.1432,1904,54523592809.6,0,0,120000000,0,0.0427,0.0427,0.4926
RENDER,1.744,1850401.83,3227100.7915,486,2287318685.38,0,0,120000000,0,1.744,1.744,0.4926
REP,4.73,33622.82,159035.9386,924,96454404.312,0,0,120000000,0,4.73,4.73,0.4926
REQ,0.1106,898057.0,99325.1042,1557,26101812724.0,0,0,120000000,0,0.1106,0.1106,0.4926
RESOLV,0.1264,49245601.4,6224644.017,166,10157700826.2,346274695.93140465,8065708,120000000,27402287,0.1264,0.1264,0.4926
REZ,0.0066,196001348.0,1295568.9103,573,162702343678.8,0,0,120000000,0,0.0066,0.0066,0.4926
RGT,14.44,3230.59,46649.7196,130,13846109.09,0,0,120000000,0,14.44,14.44,0.4926
RIF,0.0376,2478113.0,93177.0488,1782,35842471081.43,0,0,120000000,0,0.0376,0.0376,0.4926
RLC,0.722,374478.8,270373.6936,2202,4950939133.81,0,0,120000000,0,0.722,0.722,0.4926
ROSE,0.0158,113093859.0,1785752.0336,1831,271012275779.3,0,0,120000000,0,0.0158,0.0158,0.4926
RPL,2.57,102052.88,262275.9016,1041,187798051.31,0,0,120000000,0,2.57,2.57,0.4926
RSR,0.0033,241332517.0,788433.333,1915,2015764781816.4,0,0,120000000,0,0.0033,0.0033,0.4926
RUNE,0.629,1920127.9,1207760.4491,1907,21201272955.781,0,0,120000000,0,0.629,0.629,0.4926
RVN,0.0081,75776371.7,613030.8471,2252,377144789435.5,0,0,120000000,0,0.0081,0.0081,0.4926
S,0.1063,35773145.2,3802685.3348,312,26178006696.6,0,0,120000000,0,0.1063,0.1063,0.4926
SAGA,0.0891,54931162.9,4894366.6144,594,10781576974.6,0,0,120000000,0,0.0891,0.0891,0.4926
SAHARA,0.0773,18924546.0,1462678.1603,151,21535858464.0,0,0,120000000,0,0.0773,0.0773,0.4926
SAND,0.1544,6634651.0,1024390.1144,1928,97123368054.4,0,0,120000000,0,0.1544,0.1544,0.4926
SANTOS,1.813,1121801.32,2033825.7932,1454,1708871493.43,0,0,120000000,0,1.813,1.813,0.4926
SAPIEN,0.1264,17995077.7,2274577.8213,18,1917417202.3,0,0,120000000,0,0.1264,0.1264,0.4926
SC,0.0016,154090587.0,248548.1168,1967,1051219665663.0,0,0,120000000,0,0.0016,0.0016,0.4926
SCR,0.096,6036112.4,579466.7904,409,4996158532.1,0,0,120000000,0,0.096,0.096,0.4926
SCRT,0.1475,4168016.1,614782.3747,1403,6929139616.9,0,0,120000000,0,0.1475,0.1475,0.4926
SEI,0.1335,43811578.0,5848845.663,832,106102587032.6,0,0,120000000,0,0.1335,0.1335,0.4926
SFP,0.3129,736391.0,230416.7439,1750,13674384205.18,0,0,120000000,0,0.3129,0.3129,0.4926
SHELL,0.0686,8531564.1,585265.2973,270,8867984417.8,1000000000.0,12189.82,120000000,15806.17,0.0686,0.0686,0.4926
SHIB,0.0,647328741224.0,5198049.792,1659,1.3767484434186194e+16,0,0,120000000,0,0.0,0.0,0.4926
SIGN,0.0378,11624256.0,439513.1194,210,17710893616.0,0,0,120000000,0,0.0378,0.0378,0.4926
SKL,0.014,43322776.0,607818.5473,1819,159507139081.8,0,0,120000000,0,0.014,0.014,0.4926
SKY,0.0431,25324514.0,1090980.0631,68,5374183133.0,22915449726.07241,10141203,120000000,1316977471,0.0431,0.0431,0.4926
SLF,0.0208,87488277.7,1819756.1762,384,13276064029.9,0,0,120000000,0,0.0208,0.0208,0.4926
SLP,0.0009,654518848.0,606738.9721,1669,2601863225931.0,0,0,120000000,0,0.0009,0.0009,0.4926
SNT,0.0272,41296807.0,1123273.1504,699,45109875982.0,0,0,120000000,0,0.0272,0.0272,0.4926
SNX,0.614,5900127.9,3622678.5306,1964,6846570908.066,0,0,120000000,0,0.614,0.614,0.4926
SOL,132.56,2156324.747,285842408.4623,1931,8598260445.864,0,0,120000000,0,132.56,132.56,0.4926
SOLV,0.0163,44608433.0,728901.7952,311,67173449136.0,0,0,120000000,0,0.0163,0.0163,0.4926
SOMI,0.2621,7215410.1,1891158.9872,83,5358438481.4,0,0,120000000,0,0.2621,0.2621,0.4926
SOPH,0.0167,34440375.0,575843.07,180,24227460025.0,0,0,120000000,0,0.0167,0.0167,0.4926
SPELL,0.0003,3362807077.0,933515.2446,1431,7748264827169.0,0,0,120000000,0,0.0003,0.0003,0.4926
SPK,0.0296,34747459.0,1027273.8779,160,44506895579.0,0,0,120000000,0,0.0296,0.0296,0.4926
SRM,0.2444,991959.6,242454.7654,840,5753214477.7,0,0,120000000,0,0.2444,0.2444,0.4926
SSV,3.78,216322.178,817697.8328,1004,424671596.931,0,0,120000000,0,3.78,3.78,0.4926
STEEM,0.073,6196085.9,452314.2707,1312,12432497984.2,534174542.305,7544236,120000000,37849646,0.073,0.073,0.4926
STG,0.1154,1726259.0,199210.2886,1193,16662577433.3,0,0,120000000,0,0.1154,0.1154,0.4926
STMX,0.0046,309309333.0,1411997.1051,1720,988944971576.0,0,0,120000000,0,0.0046,0.0046,0.4926
STO,0.1211,1951214.1,236292.0275,206,9052516350.7,0,0,120000000,0,0.1211,0.1211,0.4926
STORJ,0.1516,3163072.0,479521.7152,1943,22238289370.59,143787438.7,5465979,120000000,20027300,0.1516,0.1516,0.4926
STORM,0.0034,76619584.0,260276.7268,287,28918061572.0,11000000000.0,12376.33,120000000,643253,0.0034,0.0034,0.4926
STRAX,0.024,148506229.0,3565634.5583,1825,29672876511.9,0,0,120000000,0,0.024,0.024,0.4926
STRK,0.1533,377087480.44,57807510.7515,643,37166037110.41,0,0,120000000,0,0.1533,0.1533,0.4926
STX,0.3128,2513141.8,786110.755,2222,23164809755.88,0,0,120000000,0,0.3128,0.3128,0.4926
SUI,1.3788,35749745.1,49291748.5439,936,60545155995.9,3736866360.651109,590769667,120000000,5997915934,1.3788,1.3788,0.4926
SUN,0.0213,94054960.0,2000548.9992,1887,644885881281.237,0,0,120000000,0,0.0213,0.0213,0.4926
SUPER,0.2036,28826730.0,5869122.228,1705,22041064308.364,0,0,120000000,0,0.2036,0.2036,0.8327
SUSD,0.996,166812.0,166144.752,494,181388552.1,0,0,120000000,0,0.996,0.996,0.4926
SUSHI,0.41,1861039.7,763026.277,1910,16061101662.886,273012266.12632084,13920097,120000000,88957467,0.41,0.41,0.4926
SXP,0.0918,5164523.1,474103.2206,1953,36579160764.564,0,0,120000000,0,0.0918,0.0918,0.4926
SXT,0.0353,22378890.5,789974.8346,200,11632754633.4,0,0,120000000,0,0.0353,0.0353,0.4926
SYN,0.0594,4855436.6,288412.934,1006,8384914167.4,0,0,120000000,0,0.0594,0.0594,0.4926
SYRUP,0.3141,13418889.8,4214873.2862,202,9116419925.0,1138689196.0585315,21072309,120000000,308375181,0.3141,0.3141,0.4926
SYS,0.0228,3961081.0,90431.4792,1522,26475793033.0,0,0,120000000,0,0.0228,0.0228,0.4926
T,0.0115,15859742.3,182069.8416,1368,164933938610.0,0,0,120000000,0,0.0115,0.0115,0.4926
TAO,298.0,100298.1523,29888849.3854,592,66520024.6948,0,0,120000000,0,298.0,298.0,0.4926
TFUEL,0.0207,17356974.0,358421.5131,2376,217016784741.2,0,0,120000000,0,0.0207,0.0207,0.4926
THE,0.1505,4247198.7,639203.4043,362,7822480518.8,0,0,120000000,0,0.1505,0.1505,0.4926
THETA,0.362,2655727.7,961373.4274,2420,22832177621.568,0,0,120000000,0,0.362,0.362,0.4926
TIA,0.62,8712767.81,5401916.0422,755,6362516448.83,208057292.65029177,547.08,120000000,1264033,0.62,0.62,0.8034
TKO,0.105,1491561.3,156613.9365,1692,10393320165.82,0,0,120000000,0,0.105,0.105,0.4926
TLM,0.0026,2008710806.0,5182473.8795,1686,421429513270.41,0,0,120000000,0,0.0026,0.0026,0.4926
TNSR,0.1625,811824468.9,131921476.1963,595,14201932246.3,0,0,120000000,0,0.1625,0.1625,0.4926
TON,1.51,5675411.81,8569871.8331,473,3809685242.39,0,0,120000000,0,1.51,1.51,0.4926
TORN,4.06,50527.52,205141.7312,565,119155045.94,0,0,120000000,0,4.06,4.06,0.1177
TOWNS,0.0081,25694928.0,208128.9168,111,47946761063.0,2109362819.0,7093172,120000000,15965428,0.0081,0.0081,0.4926
TRB,20.14,87784.194,1767973.6672,1913,468230154.446,0,0,120000000,0,20.14,20.14,0.4926
TREE,0.1373,3661272.0,502692.6456,118,5260577796.2,0,0,120000000,0,0.1373,0.1373,0.4926
TROY,0.0001,4844237434.0,334252.3829,1960,2403957348042.0,10000000000.0,46082,120000000,693081,0.0001,0.0001,0.4926
TRU,0.0125,30200123.0,377501.5375,1770,98981303824.27,0,0,120000000,0,0.0125,0.0125,0.4926
TRUMP,6.328,1524672.496,9648127.5547,309,3803329755.03,0,0,120000000,0,6.328,6.328,0.4926
TRX,0.2751,145469467.8,40018650.5918,2723,2591245675900.6,0,0,120000000,0,0.2751,0.2751,0.4926
TST,0.0155,313189740.0,4848177.1752,288,81383988542.4,0,0,120000000,0,0.0155,0.0155,0.4926
TURBO,0.0014,522194652.0,726372.7609,434,1225870330441.0,69000000000.0,45607892,120000000,144775122,0.0014,0.0014,0.4926
TURTLE,0.0783,19317340.5,1512547.7611,33,4561111728.2,0,0,120000000,0,0.0783,0.0783,0.4926
TUSD,0.997,293605.0,292724.185,2569,60176682096.59,0,0,120000000,0,0.997,0.997,0.4926
TUT,0.0154,122871584.0,1895908.5411,242,51666348798.0,0,0,120000000,0,0.0154,0.0154,0.4926
TWT,1.0782,1599863.0,1724972.2866,1762,15544185509.89,0,0,120000000,0,1.0782,1.0782,0.4926
UFT,0.0089,4486909.0,39933.4901,762,4160361439.0,0,0,120000000,0,0.0089,0.0089,0.4926
UMA,0.828,448768.0,371579.904,1902,2557818033.279,88973770.1253563,4461830,120000000,70870842,0.828,0.828,0.4926
UNFI,1.341,527960.7,707995.2987,1449,2424810801.207,0,0,120000000,0,1.341,1.341,0.4926
UNI,6.244,2595409.57,16205737.3551,1894,8732944906.803,1000000000.0,47.83,120000000,113289,6.244,6.244,0.4926
USD1,0.9993,5802046.0,5797984.5678,186,2795237516.0,0,0,120000000,0,0.9993,0.9993,0.4926
USDC,1.0003,687683922.0,687890227.1766,2371,1030781459947.7,0,0,120000000,0,1.0003,1.0003,0.4926
USDP,1.0,37528.0,37528.0,1371,4255728190.58,0,0,120000000,0,1.0,1.0,0.4926
USDS,0.9968,3817.02,3804.8055,491,41848858.35,9870453588.433462,5458454,120000000,9867781057,0.9968,0.9968,0.4926
USTC,0.0058,143736702.0,835110.2386,990,363250328049.0,0,0,120000000,0,0.0058,0.0058,0.4926
USUAL,0.0258,59207585.1,1527555.6956,370,36587514312.5,1558481041.444275,17280502,120000000,40556210,0.0258,0.0258,0.4926
UTK,0.0158,15752081.0,248252.7966,1879,43940367156.6,0,0,120000000,0,0.0158,0.0158,0.4926
VANA,2.656,170712.3,453411.8688,343,506375972.42,30800000.0,3697182,120000000,87874495,2.656,2.656,0.4926
VANRY,0.0109,151193843.0,1648012.8887,724,68564944901.0,0,0,120000000,0,0.0109,0.0109,0.4926
VET,0.0131,122801281.6,1608696.789,2679,2327055482909.2,0,0,120000000,0,0.0131,0.0131,0.4926
VGX,0.018,37634406.4,677419.3152,1009,27420164933.2,0,0,120000000,0,0.018,0.018,0.4926
VIC,0.1101,1697682.99,186914.8972,731,5133327887.35,0,0,120000000,0,0.1101,0.1101,0.4926
VIDT,0.0011,162556670.0,186940.1705,1308,121323195420.3,0,0,120000000,0,0.0011,0.0011,0.4926
VIRTUAL,0.9066,12861421.5,11660164.7319,227,5552360757.5,0,0,120000000,0,0.9066,0.9066,0.4926
VITE,0.0009,189374682.7,162862.2271,1901,150870469246.9,0,0,120000000,0,0.0009,0.0009,0.4926
VOXEL,0.0298,14021290.5,417834.4569,1441,30505662769.5,0,0,120000000,0,0.0298,0.0298,0.4926
VTHO,0.001,336168696.0,327764.4786,1956,1950842691364.0,0,0,120000000,0,0.001,0.001,0.4926
W,0.0462,48594297.4,2245056.5399,600,43434002341.9,1000000000.0,1819.24,120000000,64467,0.0462,0.0462,0.4926
WAL,0.1495,3631893.1,542968.0184,45,27550404658.0,0,0,120000000,0,0.1495,0.1495,0.4926
WAN,0.0673,2900803.0,195224.0419,2281,8762633662.58,0,0,120000000,0,0.0673,0.0673,0.4926
WAVES,1.076,854905.34,919878.1458,1978,6063821435.748,100000000.0,9679596,120000000,71568314,1.076,1.076,0.4926
WAXP,0.0098,36363210.0,355995.8259,1554,63300872171.0,0,0,120000000,0,0.0098,0.0098,0.4926
WCT,0.1158,35291968.1,4086809.906,223,8384820170.7,0,0,120000000,0,0.1158,0.1158,0.4926
WIF,0.341,36945927.02,12598561.1138,629,49449976269.64,0,0,120000000,0,0.341,0.341,0.4926
WIN,0.0,3935664371.0,126649.6795,2307,83182154140304.0,0,0,120000000,0,0.0,0.0,0.8283
WING,0.326,1854768.51,604654.5343,1690,798234876.651,0,0,120000000,0,0.326,0.326,0.4926
WLD,0.615,21105101.0,12979637.115,854,28438166559.8,0,0,120000000,0,0.615,0.615,0.4926
WLFI,0.1512,107434556.1,16244104.8823,84,44566352940.1,0,0,120000000,0,0.1512,0.1512,0.4926
WOO,0.0272,8947006.1,243358.5659,1385,31771295240.2,0,0,120000000,0,0.0272,0.0272,0.792
WRX,0.0173,64923274.5,1123172.6488,1786,27478566898.88,0,0,120000000,0,0.0173,0.0173,0.4926
XAI,0.0216,301472490.1,6511805.7862,685,42149168338.6,0,0,120000000,0,0.0216,0.0216,0.4926
XEC,0.0,36673818608.0,438618.8706,1543,161195718163971.0,0,0,120000000,0,0.0,0.0,0.4926
XEM,0.016,39583978.0,631760.2889,1302,77170705004.79,0,0,120000000,0,0.016,0.016,0.4926
XLM,0.2461,36271463.0,8926407.0443,2734,345900161995.05,0,0,120000000,0,0.2461,0.2461,0.4926
XMR,118.7,7079.917,840386.1479,1804,158509390.6369,0,0,120000000,0,118.7,118.7,0.4926
XNO,0.866,2222503.33,1924687.8838,1396,1460626948.27,0,0,120000000,0,0.866,0.866,0.4926
XPL,0.1987,96069668.0,19089043.0316,60,29506676377.2,0,0,120000000,0,0.1987,0.1987,0.4926
XRP,2.0753,102942379.6,213636320.3839,2761,966629461966.49,0,0,120000000,0,2.0753,2.0753,0.4926
XTZ,0.4954,1043057.8,516730.8341,2253,13787743284.87,0,0,120000000,0,0.4954,0.4954,0.4926
XUSD,1.0003,7456069.0,7458305.8207,250,1999251191.0,0,0,120000000,0,1.0003,1.0003,0.4926
XVG,0.0074,1282394684.0,9497415.0297,1632,1173293443269.0,0,0,120000000,0,0.0074,0.0074,0.4926
XVS,4.04,164856.85,666021.674,1875,1063263716.046,0,0,120000000,0,4.04,4.04,0.4926
YB,0.4245,2406112.3,1021394.6713,40,1482172280.7,0,0,120000000,0,0.4245,0.4245,0.4926
YFI,4053.0,160.9837,652466.9766,419,1724333.3465,7631.5,8422.53,120000000,34112,4053.0,4053.0,0.4926
YFII,435.5,200.7364,87420.7022,828,5652335.2094,0,0,120000000,0,435.5,435.5,0.4926
YGG,0.0895,10903500.0,975863.25,1522,28510125356.6,0,0,120000000,0,0.0895,0.0895,0.4926
ZBT,0.1166,12446549.6,1451267.6834,38,10321962295.2,0,0,120000000,0,0.1166,0.1166,0.4926
ZEC,577.02,584888.935,337492613.2737,2440,462685550.197,0,0,120000000,0,577.02,577.02,0.4926
ZEN,12.761,2029988.02,25904677.1232,1967,954456091.7498,0,0,120000000,0,12.761,12.761,0.4926
ZIL,0.006,77081406.5,461717.6249,2470,703593642443.0,0,0,120000000,0,0.006,0.006,0.4926
ZK,0.0389,135095285.4,5259259.4606,525,86566461536.2,0,0,120000000,0,0.0389,0.0389,0.4926
ZKC,0.1432,12043606.4,1724644.4365,70,4845465134.9,0,0,120000000,0,0.1432,0.1432,0.4926
ZRO,1.276,1039565.43,1326485.4887,522,3136211825.09,0,0,120000000,0,1.276,1.276,0.4926
ZRX,0.157,7075744.0,1110891.808,2461,24767953211.15,0,0,120000000,0,0.157,0.157,0.4926
